"UserID","Timestamp","EventCount","ActiveSessionLength","Location","OS","Browser"
"122545","August 4, 5:48pm CDT","67","0:01:09","Batavia","iOS","Facebook"
"122541","August 4, 5:06pm CDT","52","0:01:05","Phoenix","Android","Facebook"
"122540","August 4, 5:01pm CDT","70","0:00:55","Cincinnati","iOS","Facebook"
"122539","August 4, 4:55pm CDT","75","0:00:47","Cincinnati","iOS","Facebook"
"122538","August 4, 4:41pm CDT","73","0:00:52","2600:387:1:809::92","iOS","Facebook"
"122535","August 4, 3:43pm CDT","94","0:01:37","Dayton","Android","Facebook"
"122534","August 4, 2:46pm CDT","85","0:00:59","Springboro","iOS","Facebook"
"122533","August 4, 2:45pm CDT","71","0:00:47","2600:387:2:80f::70","iOS","Facebook"
"122532","August 4, 2:38pm CDT","75","0:00:53","Cincinnati","Android","Facebook"
"122530","August 4, 2:06pm CDT","70","0:01:44","Falmouth","Android","Facebook"
"122529","August 4, 1:47pm CDT","74","0:00:48","Newport","iOS","Facebook"
"122528","August 4, 1:44pm CDT","40","0:00:53","Scottsburg","Android","Facebook"
"122527","August 4, 1:32pm CDT","68","0:00:54","Chicago","Android","Facebook"
"122525","August 4, 1:16pm CDT","81","0:00:48","Germantown","iOS","Facebook"
"122524","August 4, 1:06pm CDT","64","0:00:41","Indianapolis","iOS","Facebook"
"122523","August 4, 1:03pm CDT","46","0:00:52","McArthur","Android","Facebook"
"122522","August 4, 1:00pm CDT","67","0:00:49","Dayton","Android","Facebook"
"122521","August 4, 12:51pm CDT","78","0:01:30","Jeffersonville","Android","Facebook"
"122520","August 4, 12:39pm CDT","13","0:00:09","Xenia","Android","Facebook"
"122519","August 4, 12:08pm CDT","45","0:00:35","Muncie","Android","Facebook"
"122518","August 4, 11:45am CDT","62","0:00:56","Cedar Rapids","iOS","Facebook"
"122516","August 4, 11:28am CDT","87","0:00:56","Rock Hill","iOS","Facebook"
"122515","August 4, 11:09am CDT","76","0:01:44","Hamilton","Android","Facebook"
"122513","August 4, 10:29am CDT","87","0:01:49","Terre Haute","iOS","Facebook"
"122512","August 4, 10:10am CDT","62","0:00:51","Philadelphia","iOS","Facebook"
"122511","August 4, 9:47am CDT","68","0:00:58","Elkhart","iOS","Facebook"
"122507","August 4, 9:02am CDT","59","0:00:59","Elizabethtown","Android","Facebook"
"122506","August 4, 8:02am CDT","69","0:00:45","107.77.207.49","iOS","Facebook"
"122505","August 4, 8:00am CDT","78","0:00:52","Fort Mitchell","iOS","Facebook"
"122504","August 4, 7:57am CDT","13","0:00:01","Cincinnati","iOS","Facebook"
"122503","August 4, 7:51am CDT","51","0:00:40","Cincinnati","Android","Facebook"
"122502","August 4, 7:41am CDT","83","0:01:47","Fremont","iOS","Facebook"
"122500","August 4, 7:22am CDT","81","0:00:41","Cincinnati","iOS","Facebook"
"122498","August 4, 2:20am CDT","13","0:00:01","Baton Rouge","iOS","Facebook"
"122497","August 4, 12:48am CDT","61","0:00:52","Akron","Android","Facebook"
"122496","August 3, 11:03pm CDT","81","0:00:56","Dayton","Android","Facebook"
"122494","August 3, 10:37pm CDT","73","0:00:40","Newport","iOS","Facebook"
"122440","August 3, 9:16pm CDT","109","0:03:48","Bristol","Chromium OS","Chrome"
"122491","August 3, 9:14pm CDT","81","0:00:51","Columbus","Android","Facebook"
"122440","August 3, 9:07pm CDT","47","0:01:03","Bristol","Android","Facebook"
"122489","August 3, 8:58pm CDT","73","0:01:34","Cincinnati","Android","Facebook"
"122487","August 3, 8:17pm CDT","63","0:00:43","Cleveland","Android","Facebook"
"122486","August 3, 8:15pm CDT","70","0:00:50","Louisville","iOS","Facebook"
"122485","August 3, 8:07pm CDT","68","0:00:51","Akron","iOS","Facebook"
"122484","August 3, 7:55pm CDT","79","0:00:50","Salem","iOS","Facebook"
"122483","August 3, 6:44pm CDT","5","0:00:08","Seymour","iOS","Facebook"
"122480","August 3, 6:08pm CDT","75","0:00:46","Saint Michael","iOS","Facebook"
"122478","August 3, 5:46pm CDT","54","0:00:53","Northwood","Android","Facebook"
"122477","August 3, 5:41pm CDT","62","0:00:52","Palos Heights","Android","Facebook"
"122474","August 3, 5:25pm CDT","77","0:00:58","Convoy","iOS","Facebook"
"122473","August 3, 5:25pm CDT","91","0:01:31","Louisville","Android","Facebook"
"122472","August 3, 5:15pm CDT","9","0:00:01","Defiance","iOS","Facebook"
"122256","August 3, 5:08pm CDT","127","0:02:12","Florence","Android","Facebook"
"122471","August 3, 5:02pm CDT","62","0:00:46","New Bremen","Android","Facebook"
"122470","August 3, 4:39pm CDT","75","0:01:40","Hamilton","Android","Facebook"
"122468","August 3, 3:58pm CDT","86","0:00:50","Chicago","iOS","Facebook"
"122467","August 3, 3:43pm CDT","63","0:00:43","Columbus","Android","Facebook"
"122466","August 3, 3:29pm CDT","73","0:00:52","Covington","iOS","Facebook"
"122465","August 3, 3:16pm CDT","99","0:00:45","Flemingsburg","iOS","Facebook"
"122463","August 3, 3:09pm CDT","61","0:00:49","166.182.83.24","Android","Facebook"
"122461","August 3, 3:03pm CDT","91","0:00:55","Columbia City","Android","Facebook"
"122460","August 3, 3:02pm CDT","67","0:00:52","Maryville","iOS","Facebook"
"122459","August 3, 2:50pm CDT","61","0:00:45","Charlotte","Android","Facebook"
"122455","August 3, 1:18pm CDT","75","0:00:54","Huntington","Android","Facebook"
"122454","August 3, 1:03pm CDT","1","0:00:01","Farmington","Android","Facebook"
"122452","August 3, 12:50pm CDT","77","0:00:53","Shirley","Android","Facebook"
"122451","August 3, 12:16pm CDT","69","0:00:47","Philadelphia","iOS","Facebook"
"122450","August 3, 12:04pm CDT","9","0:00:04","Daphne","iOS","Facebook"
"122449","August 3, 11:29am CDT","75","0:00:45","Lima","iOS","Facebook"
"122448","August 3, 11:12am CDT","133","0:00:59","Cincinnati","iOS","Facebook"
"122446","August 3, 10:32am CDT","68","0:01:31","Erlanger","iOS","Facebook"
"122445","August 3, 10:21am CDT","68","0:00:51","Lexington","iOS","Facebook"
"122444","August 3, 10:09am CDT","87","0:00:46","Dayton","iOS","Facebook"
"122443","August 3, 10:02am CDT","63","0:01:15","107.77.241.18","Android","Facebook"
"122442","August 3, 9:59am CDT","72","0:00:55","Cincinnati","iOS","Facebook"
"122441","August 3, 9:45am CDT","48","0:00:32","Miami","Android","Facebook"
"122440","August 3, 9:37am CDT","17","0:00:01","Nashville","Android","Facebook"
"122440","August 3, 9:28am CDT","202","0:03:03","Nashville","Android","Facebook"
"122439","August 3, 9:19am CDT","9","0:00:04","Fort Thomas","iOS","Facebook"
"122438","August 3, 9:07am CDT","77","0:00:55","Reynoldsburg","iOS","Facebook"
"122437","August 3, 9:05am CDT","51","0:00:52","Norristown","Android","Facebook"
"122436","August 3, 8:54am CDT","17","0:00:07","Plain City","iOS","Facebook"
"122435","August 3, 8:48am CDT","13","0:00:09","Orlando","iOS","Facebook"
"122434","August 3, 8:45am CDT","13","0:00:08","Springfield","iOS","Facebook"
"122432","August 3, 8:12am CDT","17","0:00:05","Cincinnati","Android","Facebook"
"122431","August 3, 8:02am CDT","1","0:00:07","Lac du Flambeau","iOS","Facebook"
"122430","August 3, 7:50am CDT","70","0:00:48","Palos Heights","iOS","Facebook"
"122429","August 3, 7:46am CDT","128","0:02:24","Bucyrus","Android","Facebook"
"122428","August 3, 7:38am CDT","85","0:01:41","Dallas","iOS","Facebook"
"122427","August 3, 7:31am CDT","83","0:00:53","Germantown","iOS","Facebook"
"122426","August 3, 7:21am CDT","69","0:00:53","Columbus","iOS","Facebook"
"122425","August 3, 6:51am CDT","1","0:00:07","Fairborn","iOS","Facebook"
"122424","August 3, 6:22am CDT","58","0:00:55","Farmington","Android","Facebook"
"122423","August 3, 6:06am CDT","70","0:00:59","Farmington","iOS","Facebook"
"122422","August 3, 5:35am CDT","88","0:00:51","Xenia","iOS","Facebook"
"122421","August 3, 5:17am CDT","105","0:02:31","South Bend","Android","Facebook"
"122420","August 3, 2:53am CDT","82","0:00:57","Jeffersonville","iOS","Facebook"
"122419","August 3, 2:29am CDT","68","0:00:46","Springfield","iOS","Facebook"
"122418","August 3, 2:07am CDT","87","0:01:38","Homer City","Android","Facebook"
"122417","August 3, 1:21am CDT","70","0:00:53","Whittier","Android","Facebook"
"122415","August 3, 12:43am CDT","78","0:00:53","Batavia","iOS","Facebook"
"122414","August 3, 12:38am CDT","61","0:00:47","El Paso","Android","Facebook"
"122411","August 3, 12:05am CDT","73","0:00:59","Bowman","iOS","Facebook"
"122410","August 2, 10:27pm CDT","74","0:00:42","Muncie","Android","Facebook"
"122409","August 2, 10:22pm CDT","80","0:00:40","Minneapolis","iOS","Facebook"
"122408","August 2, 10:17pm CDT","51","0:00:56","64.134.188.18","Android","Facebook"
"122407","August 2, 10:13pm CDT","56","0:00:39","Cincinnati","Android","Facebook"
"122406","August 2, 10:11pm CDT","73","0:00:58","Wilmington","Android","Facebook"
"122405","August 2, 10:05pm CDT","1","0:00:09","Wilmington","Android","Facebook"
"122404","August 2, 9:52pm CDT","9","0:00:05","Akron","Android","Facebook"
"122403","August 2, 9:50pm CDT","47","0:00:41","Mount Orab","Android","Facebook"
"122402","August 2, 9:37pm CDT","63","0:00:59","Cincinnati","Android","Facebook"
"122400","August 2, 9:33pm CDT","71","0:01:00","Shirley","iOS","Facebook"
"122398","August 2, 9:25pm CDT","94","0:00:54","Cincinnati","Android","Facebook"
"122395","August 2, 9:06pm CDT","22","0:00:12","Farmington","Android","Facebook"
"122393","August 2, 9:04pm CDT","70","0:00:56","Birmingham","Android","Facebook"
"122388","August 2, 8:56pm CDT","66","0:01:33","Bloomington","Android","Facebook"
"122391","August 2, 8:53pm CDT","9","0:00:06","Rockford","iOS","Facebook"
"122390","August 2, 8:43pm CDT","72","0:01:35","Decatur","iOS","Facebook"
"122389","August 2, 8:42pm CDT","51","0:00:46","Louisville","Android","Facebook"
"122387","August 2, 8:38pm CDT","58","0:00:55","Hamilton","Android","Facebook"
"122386","August 2, 8:35pm CDT","71","0:00:48","Covington","iOS","Facebook"
"122385","August 2, 8:33pm CDT","68","0:01:08","Knoxville","Android","Facebook"
"122384","August 2, 8:33pm CDT","71","0:00:54","Streator","Android","Facebook"
"122383","August 2, 8:22pm CDT","72","0:00:47","Troy","iOS","Facebook"
"122382","August 2, 8:22pm CDT","65","0:00:54","Lawrenceburg","iOS","Facebook"
"122381","August 2, 8:15pm CDT","88","0:01:32","Rock Hill","Android","Facebook"
"122380","August 2, 8:14pm CDT","86","0:01:47","Nicholasville","Android","Facebook"
"122379","August 2, 8:13pm CDT","89","0:01:29","Chicago","Android","Facebook"
"122378","August 2, 8:08pm CDT","17","0:00:04","Chicago","Android","Facebook"
"122377","August 2, 8:07pm CDT","82","0:00:50","Staffordsville","Android","Facebook"
"122375","August 2, 8:04pm CDT","68","0:00:47","Lima","Android","Facebook"
"122374","August 2, 7:58pm CDT","79","0:00:54","Cincinnati","iOS","Facebook"
"122373","August 2, 7:57pm CDT","58","0:01:27","Cincinnati","Android","Facebook"
"122372","August 2, 7:54pm CDT","66","0:00:59","Chicago","iOS","Facebook"
"122371","August 2, 7:49pm CDT","88","0:00:58","Middletown","iOS","Facebook"
"122370","August 2, 7:46pm CDT","34","0:00:35","Dayton","iOS","Facebook"
"122369","August 2, 7:42pm CDT","51","0:00:59","Dayton","Android","Facebook"
"122368","August 2, 7:33pm CDT","74","0:00:56","Dayton","iOS","Facebook"
"122367","August 2, 7:25pm CDT","45","0:00:47","Chicago","Android","Facebook"
"122366","August 2, 7:06pm CDT","112","0:00:58","Bryan","iOS","Facebook"
"122363","August 2, 6:49pm CDT","13","0:00:07","Hamilton","iOS","Facebook"
"122360","August 2, 5:59pm CDT","98","0:00:56","Hamtramck","iOS","Facebook"
"122358","August 2, 5:51pm CDT","45","0:00:48","Tiffin","Android","Facebook"
"122357","August 2, 5:40pm CDT","66","0:00:50","Rochester","iOS","Facebook"
"122356","August 2, 5:38pm CDT","23","0:00:31","Parkersburg","iOS","Facebook"
"122355","August 2, 5:36pm CDT","5","0:00:03","Ironton","iOS","Facebook"
"122354","August 2, 5:36pm CDT","80","0:00:47","Hamilton","iOS","Facebook"
"122349","August 2, 3:51pm CDT","85","0:01:40","Zanesville","Android","Facebook"
"122346","August 2, 2:58pm CDT","66","0:01:48","Minneapolis","iOS","Facebook"
"122344","August 2, 2:45pm CDT","82","0:01:26","Muncie","Android","Facebook"
"122343","August 2, 2:43pm CDT","105","0:02:16","Williamstown","Android","Facebook"
"122342","August 2, 2:28pm CDT","96","0:01:35","Brookville","Android","Facebook"
"122341","August 2, 2:28pm CDT","5","0:00:07","Cincinnati","iOS","Facebook"
"122340","August 2, 2:13pm CDT","91","0:01:37","Bentonville","Android","Facebook"
"122339","August 2, 2:12pm CDT","70","0:01:30","Cincinnati","iOS","Facebook"
"122338","August 2, 2:05pm CDT","82","0:01:32","St Louis","Android","Facebook"
"122336","August 2, 1:41pm CDT","82","0:00:46","Rock Hill","iOS","Facebook"
"122335","August 2, 1:35pm CDT","109","0:02:58","Chicago","Android","Facebook"
"122334","August 2, 1:28pm CDT","79","0:01:16","Amelia","iOS","Facebook"
"122333","August 2, 1:27pm CDT","65","0:00:54","Hamilton","Android","Facebook"
"122332","August 2, 1:26pm CDT","9","0:00:07","Essex","iOS","Facebook"
"122331","August 2, 1:14pm CDT","73","0:00:49","Rock Hill","iOS","Facebook"
"122330","August 2, 12:57pm CDT","69","0:00:58","Farmington","iOS","Facebook"
"122329","August 2, 12:54pm CDT","62","0:00:50","Union","iOS","Facebook"
"122328","August 2, 12:53pm CDT","42","0:00:48","Sidney","Android","Facebook"
"122326","August 2, 12:52pm CDT","13","0:00:03","Palos Heights","iOS","Facebook"
"122325","August 2, 12:47pm CDT","9","0:00:06","Xenia","iOS","Facebook"
"122324","August 2, 12:45pm CDT","57","0:01:02","Amelia","iOS","Facebook"
"122322","August 2, 12:18pm CDT","85","0:00:36","Farmington","iOS","Facebook"
"122321","August 2, 12:14pm CDT","66","0:01:32","Lewis Center","Android","Facebook"
"122320","August 2, 12:04pm CDT","74","0:00:35","Cincinnati","iOS","Facebook"
"122319","August 2, 12:04pm CDT","63","0:00:46","Philadelphia","Android","Facebook"
"122318","August 2, 12:03pm CDT","79","0:00:58","Philadelphia","Android","Facebook"
"122317","August 2, 11:50am CDT","69","0:00:55","Cincinnati","Android","Facebook"
"122316","August 2, 11:40am CDT","79","0:00:50","Stockton","iOS","Facebook"
"122315","August 2, 11:36am CDT","5","0:00:02","Cincinnati","Android","Facebook"
"122314","August 2, 11:19am CDT","56","0:01:38","Richmond","Android","Facebook"
"122313","August 2, 11:07am CDT","113","0:02:14","Ocala","iOS","Facebook"
"122312","August 2, 10:05am CDT","78","0:01:30","Philadelphia","iOS","Facebook"
"122310","August 2, 9:48am CDT","68","0:01:33","Chicago","Android","Facebook"
"122305","August 2, 9:35am CDT","80","0:00:46","Syracuse","iOS","Facebook"
"122303","August 2, 9:34am CDT","205","0:02:33","Akron","Android","Facebook"
"122287","August 2, 9:29am CDT","136","0:01:36","Akron","Android","Facebook"
"122302","August 2, 9:13am CDT","13","0:00:09","Brockport","iOS","Facebook"
"122301","August 2, 8:46am CDT","82","0:00:55","Flint","iOS","Facebook"
"122300","August 2, 8:43am CDT","50","0:00:54","Fort Mitchell","Android","Facebook"
"122291","August 2, 8:29am CDT","84","0:00:45","Sidney","iOS","Facebook"
"122285","August 1, 10:50pm CDT","66","0:00:52","Vancleave","Android","Facebook"
"122284","August 1, 10:34pm CDT","75","0:00:46","Mount Juliet","Android","Facebook"
"122282","August 1, 10:14pm CDT","77","0:00:56","Carmel","iOS","Facebook"
"122281","August 1, 10:14pm CDT","73","0:00:56","Gardena","iOS","Facebook"
"122277","August 1, 9:12pm CDT","69","0:00:55","Farmington","Android","Facebook"
"122274","August 1, 8:38pm CDT","79","0:00:54","Isle of Palms","iOS","Facebook"
"122267","August 1, 5:42pm CDT","86","0:01:33","Farmington","iOS","Facebook"
"122266","August 1, 5:35pm CDT","17","0:00:03","Logan","iOS","Facebook"
"122262","August 1, 4:47pm CDT","64","0:01:13","Elkridge","Android","Facebook"
"122261","August 1, 4:39pm CDT","87","0:00:43","Birmingham","iOS","Facebook"
"122260","August 1, 3:14pm CDT","88","0:00:51","Miami Beach","iOS","Facebook"
"122259","August 1, 3:10pm CDT","9","0:00:08","Hamilton","iOS","Facebook"
"122258","August 1, 2:58pm CDT","87","0:00:49","Lexington","iOS","Facebook"
"122257","August 1, 2:58pm CDT","65","0:00:54","Utica","iOS","Facebook"
"122254","August 1, 2:31pm CDT","72","0:00:52","Rock Hill","iOS","Facebook"
"122253","August 1, 2:20pm CDT","72","0:00:50","Chicago","iOS","Facebook"
"122252","August 1, 1:33pm CDT","49","0:00:52","Xenia","Android","Facebook"
"122251","August 1, 1:29pm CDT","13","0:00:04","Chicago","Android","Facebook"
"122250","August 1, 1:26pm CDT","58","0:00:51","Fairborn","Android","Facebook"
"122249","August 1, 1:15pm CDT","104","0:00:52","Point Pleasant","iOS","Facebook"
"122248","August 1, 1:01pm CDT","79","0:00:48","Dothan","iOS","Facebook"
"122246","August 1, 12:55pm CDT","66","0:00:56","Troy","iOS","Facebook"
"122245","August 1, 12:41pm CDT","74","0:00:45","Columbus","iOS","Facebook"
"122243","August 1, 12:36pm CDT","76","0:00:53","Somerset","Android","Facebook"
"122242","August 1, 12:29pm CDT","93","0:00:57","Farmington","iOS","Facebook"
"122241","August 1, 12:15pm CDT","78","0:00:51","Miamisburg","Android","Facebook"
"122240","August 1, 11:55am CDT","192","0:02:15","Ottawa","Android","Facebook"
"122239","August 1, 11:48am CDT","66","0:00:48","Watertown","Android","Facebook"
"122238","August 1, 11:42am CDT","76","0:01:32","Chicago","iOS","Facebook"
"122235","August 1, 11:22am CDT","87","0:01:26","Coshocton","iOS","Facebook"
"122234","August 1, 11:15am CDT","94","0:01:26","Hurricane","iOS","Facebook"
"122233","August 1, 11:11am CDT","76","0:00:51","Chicago","iOS","Facebook"
"122232","August 1, 10:43am CDT","90","0:00:58","Bedford","iOS","Facebook"
"122230","August 1, 10:38am CDT","101","0:01:28","Paris","iOS","Facebook"
"122226","August 1, 9:27am CDT","84","0:00:41","2600:387:9:3::90","iOS","Facebook"
"122223","August 1, 9:12am CDT","110","0:01:28","Lexington","iOS","Facebook"
"122222","August 1, 9:01am CDT","1","0:00:02","Evington","iOS","Facebook"
"122221","August 1, 9:00am CDT","53","0:00:50","Medina","Android","Facebook"
"122220","August 1, 8:45am CDT","70","0:00:46","Loveland","iOS","Facebook"
"122219","August 1, 8:32am CDT","70","0:00:56","Evansville","iOS","Facebook"
"122216","August 1, 8:13am CDT","65","0:00:51","Greenwood","iOS","Facebook"
"122215","August 1, 8:01am CDT","71","0:00:53","Saint Albans","iOS","Facebook"
"122214","August 1, 7:47am CDT","115","0:00:56","8.48.249.56","iOS","Facebook"
"122213","August 1, 7:41am CDT","81","0:00:46","Zanesville","iOS","Facebook"
"122212","August 1, 7:30am CDT","88","0:01:37","Shelbyville","Android","Facebook"
"122211","August 1, 6:37am CDT","61","0:00:58","Shelbyville","Android","Facebook"
"122210","August 1, 6:16am CDT","83","0:01:22","Dayton","Android","Facebook"
"122208","July 31, 10:49pm CDT","71","0:00:54","Springfield","iOS","Facebook"
"122205","July 31, 9:47pm CDT","67","0:00:48","Xenia","Android","Facebook"
"122203","July 31, 9:28pm CDT","57","0:00:41","North Vernon","Android","Facebook"
"122201","July 31, 9:12pm CDT","69","0:00:50","Philadelphia","iOS","Facebook"
"122200","July 31, 9:09pm CDT","57","0:00:50","Peebles","Android","Facebook"
"122197","July 31, 8:36pm CDT","58","0:00:53","Worthville","iOS","Facebook"
"122196","July 31, 8:32pm CDT","67","0:01:27","Scott Depot","Android","Facebook"
"122194","July 31, 8:23pm CDT","69","0:00:55","Philadelphia","iOS","Facebook"
"122193","July 31, 8:22pm CDT","65","0:00:49","Fort Wayne","Android","Facebook"
"122192","July 31, 8:22pm CDT","82","0:01:33","Russellville","Android","Facebook"
"122191","July 31, 8:17pm CDT","104","0:00:56","West Columbia","iOS","Facebook"
"122189","July 31, 7:31pm CDT","123","0:01:40","Brownsburg","Android","Facebook"
"122188","July 31, 7:27pm CDT","52","0:00:45","St Louis","Android","Facebook"
"122187","July 31, 7:04pm CDT","75","0:00:52","Camden","iOS","Facebook"
"122184","July 31, 6:57pm CDT","73","0:00:53","Lebanon","iOS","Facebook"
"122182","July 31, 6:57pm CDT","79","0:00:41","Cincinnati","iOS","Facebook"
"122179","July 31, 6:02pm CDT","64","0:00:48","Clermont","Android","Facebook"
"122176","July 31, 5:57pm CDT","55","0:00:39","Fort Wayne","Android","Facebook"
"122174","July 31, 5:46pm CDT","71","0:00:52","Edinburgh","Android","Facebook"
"122173","July 31, 5:37pm CDT","90","0:00:54","Fairborn","iOS","Facebook"
"122172","July 31, 5:27pm CDT","73","0:00:51","Cincinnati","Android","Facebook"
"122171","July 31, 5:19pm CDT","61","0:00:51","Atlanta","iOS","Facebook"
"122169","July 31, 5:10pm CDT","5","0:00:05","Gallatin","iOS","Facebook"
"122168","July 31, 5:04pm CDT","100","0:01:00","Molalla","iOS","Facebook"
"122167","July 31, 5:00pm CDT","84","0:01:25","Portsmouth","iOS","Facebook"
"122166","July 31, 4:54pm CDT","69","0:00:43","Fairfield","Android","Facebook"
"122165","July 31, 4:36pm CDT","110","0:02:29","Cincinnati","Android","Facebook"
"122163","July 31, 4:21pm CDT","56","0:01:08","Cincinnati","Android","Facebook"
"23995","July 31, 4:21pm CDT","57","0:00:59","Lebanon","Android","Facebook"
"122161","July 31, 4:10pm CDT","59","0:00:50","Philadelphia","iOS","Facebook"
"122160","July 31, 4:04pm CDT","74","0:01:04","Cincinnati","iOS","Facebook"
"122159","July 31, 3:53pm CDT","84","0:00:56","Cincinnati","iOS","Facebook"
"122158","July 31, 3:45pm CDT","13","0:00:09","Farmington","iOS","Facebook"
"122156","July 31, 3:32pm CDT","83","0:02:00","Point Pleasant","iOS","Facebook"
"122154","July 31, 3:21pm CDT","1","0:00:08","Morehead","Android","Facebook"
"122146","July 31, 2:35pm CDT","65","0:01:32","Sidney","Android","Facebook"
"122145","July 31, 2:24pm CDT","77","0:00:47","Florence","iOS","Facebook"
"122143","July 31, 2:08pm CDT","69","0:00:44","New Castle","iOS","Facebook"
"122142","July 31, 2:00pm CDT","80","0:00:47","Kenova","iOS","Facebook"
"122141","July 31, 1:47pm CDT","75","0:00:58","Cincinnati","iOS","Facebook"
"122139","July 31, 1:36pm CDT","76","0:00:54","Dayton","iOS","Facebook"
"122138","July 31, 1:26pm CDT","68","0:00:54","Chicago","Android","Facebook"
"122136","July 31, 1:07pm CDT","55","0:01:07","Detroit","Android","Facebook"
"122134","July 31, 12:53pm CDT","61","0:00:35","Chicago","Android","Facebook"
"122126","July 31, 12:21pm CDT","79","0:00:41","Palos Heights","iOS","Facebook"
"122124","July 31, 12:05pm CDT","79","0:00:53","Corbin","Android","Facebook"
"122123","July 31, 12:01pm CDT","92","0:00:56","Bristol","Android","Facebook"
"122119","July 31, 11:16am CDT","58","0:01:23","Independence","Android","Facebook"
"122117","July 31, 10:35am CDT","76","0:00:54","Fort Mitchell","iOS","Facebook"
"122115","July 31, 10:07am CDT","62","0:00:51","Amelia","iOS","Facebook"
"122114","July 31, 10:06am CDT","83","0:01:34","Hamilton","Android","Facebook"
"122113","July 31, 10:00am CDT","90","0:00:58","Farmington","iOS","Facebook"
"122112","July 31, 9:59am CDT","13","0:00:02","Portsmouth","iOS","Facebook"
"122111","July 31, 9:59am CDT","21","0:00:24","Metairie","Android","Facebook"
"122110","July 31, 9:47am CDT","69","0:00:40","Farmington","iOS","Facebook"
"122109","July 31, 9:38am CDT","9","0:00:01","Newport","iOS","Facebook"
"122107","July 31, 9:22am CDT","81","0:00:47","Hampton","iOS","Facebook"
"122105","July 31, 8:51am CDT","17","0:00:09","Columbus","Android","Facebook"
"122104","July 31, 8:44am CDT","78","0:00:50","Fairfield","iOS","Facebook"
"122103","July 31, 8:26am CDT","93","0:00:53","New Kent","iOS","Facebook"
"122101","July 31, 8:14am CDT","62","0:00:46","Germantown","Android","Facebook"
"122100","July 31, 8:11am CDT","73","0:00:54","Trenton","iOS","Facebook"
"122097","July 31, 7:20am CDT","71","0:00:46","Palos Heights","iOS","Facebook"
"122096","July 31, 7:17am CDT","69","0:00:34","Loveland","iOS","Facebook"
"122095","July 31, 6:31am CDT","64","0:01:14","2600:100e:bf1c:b43:64b3:3580:9b4c:8522","Android","Facebook"
"122092","July 31, 4:48am CDT","55","0:00:54","Elizabethtown","Android","Facebook"
"122091","July 31, 3:26am CDT","80","0:00:55","Philadelphia","iOS","Facebook"
"122090","July 31, 12:41am CDT","74","0:00:53","Troy","iOS","Facebook"
"122088","July 30, 11:19pm CDT","78","0:00:54","Farmington","iOS","Facebook"
"122086","July 30, 10:31pm CDT","84","0:00:48","Wellston","iOS","Facebook"
"122083","July 30, 9:22pm CDT","90","0:00:32","Bonney Lake","iOS","Facebook"
"122082","July 30, 8:57pm CDT","36","0:00:51","Rock Hill","iOS","Facebook"
"122081","July 30, 8:43pm CDT","53","0:00:47","Detroit","Android","Facebook"
"122079","July 30, 8:29pm CDT","62","0:00:53","Boswell","Android","Facebook"
"122076","July 30, 8:16pm CDT","79","0:00:41","Waynesville","iOS","Facebook"
"122075","July 30, 7:53pm CDT","1","0:00:09","Hurricane","iOS","Facebook"
"122074","July 30, 7:52pm CDT","13","0:00:05","Lexington","iOS","Facebook"
"122073","July 30, 7:38pm CDT","5","0:00:04","Cincinnati","iOS","Facebook"
"122070","July 30, 6:09pm CDT","56","0:01:29","Dayton","Windows","Chrome"
"122069","July 30, 5:44pm CDT","87","0:01:22","Elwood","Android","Facebook"
"122067","July 30, 5:34pm CDT","101","0:02:17","Shepherdsville","Android","Facebook"
"122066","July 30, 5:09pm CDT","75","0:00:45","Harrisburg","iOS","Facebook"
"122064","July 30, 5:06pm CDT","87","0:01:30","Whitestown","Android","Facebook"
"122061","July 30, 4:55pm CDT","85","0:02:20","Middletown","Android","Facebook"
"122059","July 30, 4:40pm CDT","46","0:00:50","Morehead","Android","Facebook"
"122058","July 30, 4:38pm CDT","73","0:00:51","Hemet","iOS","Facebook"
"122057","July 30, 3:45pm CDT","85","0:01:25","Louisville","iOS","Facebook"
"122056","July 30, 3:44pm CDT","66","0:00:47","Greenfield","Android","Facebook"
"122054","July 30, 3:24pm CDT","75","0:01:14","Palos Heights","iOS","Facebook"
"122053","July 30, 3:04pm CDT","67","0:00:51","Rocky Point","iOS","Facebook"
"122052","July 30, 2:41pm CDT","9","0:00:02","Xenia","iOS","Facebook"
"122051","July 30, 2:38pm CDT","66","0:00:46","Farmington","Android","Facebook"
"122050","July 30, 2:34pm CDT","59","0:00:51","Philadelphia","Android","Facebook"
"122047","July 30, 1:56pm CDT","67","0:00:41","Hamilton","iOS","Facebook"
"121761","July 30, 1:31pm CDT","57","0:00:52","Chicago","Android","Facebook"
"122044","July 30, 1:27pm CDT","76","0:00:48","Pittsburgh","iOS","Facebook"
"122043","July 30, 1:10pm CDT","62","0:00:46","Vernal","iOS","Facebook"
"122041","July 30, 12:50pm CDT","53","0:00:48","Wheeling","iOS","Facebook"
"122040","July 30, 12:45pm CDT","13","0:00:02","Anderson","iOS","Facebook"
"122039","July 30, 12:40pm CDT","91","0:00:46","Toledo","iOS","Facebook"
"122038","July 30, 12:33pm CDT","61","0:00:49","New York","iOS","Facebook"
"122037","July 30, 12:23pm CDT","83","0:00:50","New Albany","iOS","Facebook"
"122036","July 30, 12:18pm CDT","75","0:00:51","Independence","iOS","Facebook"
"122035","July 30, 11:58am CDT","72","0:00:48","Philadelphia","iOS","Facebook"
"122031","July 30, 11:25am CDT","104","0:00:48","Portsmouth","iOS","Facebook"
"122030","July 30, 10:48am CDT","1","0:00:02","Hamilton","iOS","Facebook"
"122029","July 30, 10:42am CDT","63","0:00:51","Chicago","Android","Facebook"
"122028","July 30, 10:28am CDT","5","0:00:01","Cincinnati","iOS","Facebook"
"122026","July 30, 10:07am CDT","75","0:00:45","Moncks Corner","iOS","Facebook"
"122025","July 30, 10:00am CDT","67","0:01:03","Covington","iOS","Facebook"
"122024","July 30, 9:56am CDT","91","0:02:20","Palos Heights","iOS","Facebook"
"122023","July 30, 9:51am CDT","1","0:00:03","Loveland","iOS","Facebook"
"122022","July 30, 9:50am CDT","90","0:00:52","Oxford","iOS","Facebook"
"122021","July 30, 9:45am CDT","68","0:01:17","Milford","Android","Facebook"
"122019","July 30, 9:35am CDT","72","0:00:43","Louisville","iOS","Facebook"
"122018","July 30, 8:53am CDT","17","0:00:01","2600:387:b:902::32","iOS","Facebook"
"122015","July 30, 8:28am CDT","63","0:00:59","Nashville","iOS","Facebook"
"122013","July 30, 8:02am CDT","79","0:00:51","Cincinnati","iOS","Facebook"
"122012","July 30, 7:58am CDT","89","0:01:04","Botkins","iOS","Facebook"
"122011","July 30, 7:55am CDT","74","0:00:50","Wellsburg","iOS","Facebook"
"122009","July 30, 7:10am CDT","53","0:00:57","Farmington","iOS","Facebook"
"122008","July 30, 6:57am CDT","81","0:01:30","Farmington","iOS","Facebook"
"122007","July 30, 6:31am CDT","72","0:00:53","Cincinnati","Android","Facebook"
"122006","July 30, 6:13am CDT","67","0:01:20","Lee's Summit","Android","Facebook"
"122005","July 30, 6:03am CDT","72","0:01:30","Akron","Android","Facebook"
"122004","July 30, 5:23am CDT","5","0:00:07","Rock Hill","iOS","Facebook"
"122003","July 30, 5:04am CDT","64","0:00:50","Dickinson","iOS","Facebook"
"122002","July 30, 4:32am CDT","94","0:00:57","Philadelphia","iOS","Facebook"
"121999","July 30, 1:18am CDT","60","0:00:52","Rock Hill","iOS","Facebook"
"121998","July 30, 12:41am CDT","89","0:00:53","Rock Hill","iOS","Facebook"
"121997","July 30, 12:40am CDT","72","0:00:52","Marietta","Android","Facebook"
"121996","July 30, 12:39am CDT","64","0:00:45","Florence","Android","Facebook"
"121994","July 30, 12:36am CDT","95","0:00:52","Cincinnati","iOS","Facebook"
"121993","July 30, 12:22am CDT","113","0:01:00","Phoenix","iOS","Facebook"
"121992","July 30, 12:16am CDT","13","0:00:01","Hamlin","iOS","Facebook"
"121991","July 29, 11:24pm CDT","75","0:01:03","Florence","iOS","Facebook"
"121990","July 29, 11:16pm CDT","75","0:00:59","Oxford","iOS","Facebook"
"121987","July 29, 10:08pm CDT","17","0:00:03","Philadelphia","iOS","Facebook"
"121986","July 29, 10:04pm CDT","62","0:00:51","Rincon","Android","Facebook"
"121985","July 29, 9:50pm CDT","64","0:00:47","Brooksville","Android","Facebook"
"121984","July 29, 9:47pm CDT","52","0:00:47","Greenwood","Android","Facebook"
"121983","July 29, 9:38pm CDT","76","0:01:42","Farmington","iOS","Facebook"
"121982","July 29, 9:36pm CDT","61","0:00:45","Blacklick","Android","Facebook"
"121981","July 29, 9:31pm CDT","62","0:00:44","Hamilton","Android","Facebook"
"121980","July 29, 9:30pm CDT","72","0:01:02","Randolph","Android","Facebook"
"121979","July 29, 9:27pm CDT","86","0:00:51","Derry","iOS","Facebook"
"121976","July 29, 9:04pm CDT","88","0:00:46","Greenwood","iOS","Facebook"
"121975","July 29, 8:59pm CDT","78","0:00:59","Lexington","iOS","Facebook"
"121973","July 29, 8:56pm CDT","94","0:01:23","Marlborough","iOS","Facebook"
"121971","July 29, 8:55pm CDT","5","0:00:06","Bridgeville","iOS","Facebook"
"121968","July 29, 8:51pm CDT","62","0:00:54","Hurricane","Android","Facebook"
"121965","July 29, 8:43pm CDT","17","0:00:06","Wausau","iOS","Facebook"
"121940","July 29, 8:27pm CDT","41","0:00:35","Birmingham","Android","Facebook"
"121961","July 29, 8:10pm CDT","5","0:00:02","Columbus","iOS","Facebook"
"121960","July 29, 8:05pm CDT","74","0:00:45","Cincinnati","iOS","Facebook"
"121959","July 29, 7:44pm CDT","65","0:00:55","Lafayette","iOS","Facebook"
"121958","July 29, 7:27pm CDT","62","0:00:54","Columbus","Android","Facebook"
"121957","July 29, 7:22pm CDT","68","0:00:54","West Chester","iOS","Facebook"
"121956","July 29, 7:21pm CDT","61","0:00:55","Lima","iOS","Facebook"
"121901","July 29, 7:04pm CDT","77","0:00:58","Troy","iOS","Facebook"
"121953","July 29, 6:45pm CDT","78","0:01:21","Akron","iOS","Facebook"
"121951","July 29, 6:37pm CDT","79","0:01:01","174.255.67.27","Android","Facebook"
"121950","July 29, 6:34pm CDT","92","0:01:26","Columbus","iOS","Facebook"
"121947","July 29, 6:00pm CDT","79","0:00:54","Chicago","Android","Facebook"
"121945","July 29, 5:51pm CDT","1","0:00:06","Cleves","iOS","Facebook"
"121943","July 29, 5:26pm CDT","75","0:00:50","Buffalo","iOS","Facebook"
"121942","July 29, 5:19pm CDT","79","0:00:54","Fairborn","iOS","Facebook"
"121941","July 29, 4:58pm CDT","82","0:00:45","Prestonsburg","iOS","Facebook"
"121938","July 29, 4:43pm CDT","68","0:00:52","Milford","iOS","Facebook"
"121936","July 29, 4:42pm CDT","72","0:00:47","Dallas","iOS","Facebook"
"121934","July 29, 4:28pm CDT","9","0:00:07","166.182.248.105","iOS","Facebook"
"121935","July 29, 4:27pm CDT","13","0:00:07","107.77.173.10","Android","Facebook"
"121933","July 29, 4:12pm CDT","63","0:00:51","Ballwin","Android","Facebook"
"121931","July 29, 3:55pm CDT","79","0:00:57","Wallkill","iOS","Facebook"
"121929","July 29, 3:37pm CDT","79","0:00:45","Rossville","Android","Facebook"
"121928","July 29, 3:31pm CDT","72","0:00:48","Union","iOS","Facebook"
"121926","July 29, 3:21pm CDT","83","0:00:53","Middletown","iOS","Facebook"
"121924","July 29, 3:04pm CDT","1","0:00:01","Findlay","iOS","Facebook"
"121922","July 29, 2:50pm CDT","78","0:00:58","Prairieville","iOS","Facebook"
"121920","July 29, 2:34pm CDT","52","0:00:58","Jackson","Android","Facebook"
"121918","July 29, 2:31pm CDT","80","0:00:38","Shepherdsville","iOS","Facebook"
"121917","July 29, 2:28pm CDT","57","0:00:50","Clinchco","Android","Facebook"
"121916","July 29, 2:28pm CDT","61","0:00:59","Georgetown","Android","Facebook"
"121914","July 29, 2:14pm CDT","5","0:00:05","Walton","Android","Facebook"
"121913","July 29, 2:05pm CDT","70","0:01:54","Catlettsburg","iOS","Facebook"
"121909","July 29, 1:48pm CDT","52","0:00:49","Philadelphia","Android","Facebook"
"121908","July 29, 1:33pm CDT","61","0:00:46","West Union","Android","Facebook"
"10149","July 29, 1:25pm CDT","65","0:00:46","Farmington","iOS","Facebook"
"121906","July 29, 1:24pm CDT","13","0:00:07","Morehead","Android","Facebook"
"121902","July 29, 1:17pm CDT","9","0:00:02","Kansas City","iOS","Facebook"
"121900","July 29, 1:15pm CDT","73","0:00:40","Chicago","iOS","Facebook"
"121899","July 29, 1:11pm CDT","76","0:00:57","Cincinnati","Android","Facebook"
"121898","July 29, 1:07pm CDT","71","0:00:54","Xenia","iOS","Facebook"
"121895","July 29, 12:50pm CDT","64","0:00:51","Columbia","iOS","Facebook"
"121892","July 29, 12:49pm CDT","61","0:00:52","Shelburne","iOS","Facebook"
"121891","July 29, 12:47pm CDT","72","0:00:53","Batavia","iOS","Facebook"
"121890","July 29, 12:31pm CDT","75","0:00:50","Dallas","iOS","Facebook"
"121888","July 29, 12:21pm CDT","5","0:00:01","Farmington","iOS","Facebook"
"121887","July 29, 12:14pm CDT","114","0:01:48","Atlanta","Android","Facebook"
"121885","July 29, 12:06pm CDT","77","0:00:54","Philadelphia","iOS","Facebook"
"121884","July 29, 11:59am CDT","70","0:00:41","Chicago","iOS","Facebook"
"121883","July 29, 11:57am CDT","84","0:00:59","2600:387:9:5::1b","iOS","Facebook"
"121882","July 29, 11:45am CDT","5","0:00:06","Cincinnati","iOS","Facebook"
"121881","July 29, 11:31am CDT","79","0:00:52","Cincinnati","iOS","Facebook"
"121880","July 29, 11:30am CDT","59","0:00:58","Charleston","Android","Facebook"
"121878","July 29, 11:25am CDT","89","0:00:51","Cincinnati","iOS","Facebook"
"121877","July 29, 11:20am CDT","114","0:00:56","Savannah","iOS","Facebook"
"121875","July 29, 11:19am CDT","1","0:00:05","Phoenix","iOS","Facebook"
"121873","July 29, 10:53am CDT","71","0:00:56","Atlanta","iOS","Facebook"
"121872","July 29, 10:52am CDT","70","0:00:42","Farmington","iOS","Facebook"
"121869","July 29, 10:39am CDT","63","0:00:48","Germantown","Android","Facebook"
"121868","July 29, 10:38am CDT","13","0:00:01","San Angelo","iOS","Facebook"
"121867","July 29, 10:35am CDT","61","0:00:45","Rock Hill","iOS","Facebook"
"121866","July 29, 10:33am CDT","72","0:00:58","Charleston","iOS","Facebook"
"121863","July 29, 10:12am CDT","108","0:01:23","Williamson","iOS","Facebook"
"121862","July 29, 9:56am CDT","91","0:00:51","Fort Mitchell","iOS","Facebook"
"121861","July 29, 9:50am CDT","13","0:00:09","Farmington","iOS","Facebook"
"121860","July 29, 9:23am CDT","73","0:00:57","Louisville","iOS","Facebook"
"121859","July 29, 9:20am CDT","79","0:00:45","De Pere","iOS","Facebook"
"121858","July 29, 9:19am CDT","84","0:00:50","Winchester","iOS","Facebook"
"121855","July 29, 9:09am CDT","81","0:00:50","Fort Thomas","iOS","Facebook"
"121854","July 29, 9:07am CDT","75","0:00:47","Gardendale","iOS","Facebook"
"121853","July 29, 9:00am CDT","89","0:00:43","Farmington","iOS","Facebook"
"121851","July 29, 8:57am CDT","78","0:00:56","Indianapolis","iOS","Facebook"
"121849","July 29, 8:50am CDT","81","0:00:59","Palos Heights","iOS","Facebook"
"121848","July 29, 8:48am CDT","1","0:00:04","Richmond","Android","Facebook"
"121837","July 29, 8:45am CDT","85","0:00:46","Indianapolis","Android","Facebook"
"121846","July 29, 8:34am CDT","17","0:00:07","San Francisco","iOS","Facebook"
"121845","July 29, 8:16am CDT","74","0:00:58","Cincinnati","Android","Facebook"
"121844","July 29, 8:13am CDT","1","0:00:01","Franklin","iOS","Facebook"
"121843","July 29, 8:11am CDT","72","0:00:51","Glasgow","iOS","Facebook"
"121842","July 29, 8:08am CDT","56","0:00:51","Mount Airy","Android","Facebook"
"121841","July 29, 8:08am CDT","80","0:00:58","Wapakoneta","iOS","Facebook"
"121839","July 29, 7:59am CDT","94","0:00:55","Louisville","iOS","Facebook"
"121837","July 29, 7:57am CDT","93","0:01:34","Indianapolis","Android","Facebook"
"121836","July 29, 7:51am CDT","75","0:00:58","Spartanburg","iOS","Facebook"
"121835","July 29, 7:46am CDT","63","0:00:42","Chicago","iOS","Facebook"
"121834","July 29, 7:30am CDT","71","0:00:48","Dayton","iOS","Facebook"
"121833","July 29, 7:12am CDT","67","0:00:50","Minneapolis","iOS","Facebook"
"121832","July 29, 7:10am CDT","5","0:00:01","Radcliff","iOS","Facebook"
"121831","July 29, 7:02am CDT","62","0:00:45","Louisville","iOS","Facebook"
"121830","July 29, 6:58am CDT","97","0:00:50","Covington","iOS","Facebook"
"121829","July 29, 6:51am CDT","5","0:00:07","Glasgow","iOS","Facebook"
"121828","July 29, 6:15am CDT","17","0:00:05","Chicago","iOS","Facebook"
"121826","July 29, 5:35am CDT","93","0:00:53","Cincinnati","iOS","Facebook"
"121825","July 29, 5:03am CDT","86","0:01:00","Paulding","Android","Facebook"
"121823","July 29, 2:48am CDT","69","0:00:54","Ashland","iOS","Facebook"
"121821","July 29, 12:33am CDT","87","0:00:59","Owensboro","iOS","Facebook"
"121819","July 29, 12:10am CDT","5","0:00:09","Dublin","iOS","Facebook"
"121818","July 28, 11:45pm CDT","81","0:01:56","Hamilton","iOS","Facebook"
"121817","July 28, 11:43pm CDT","53","0:00:51","New Bremen","Android","Facebook"
"121816","July 28, 11:33pm CDT","69","0:00:54","Norfolk","iOS","Facebook"
"121815","July 28, 11:32pm CDT","5","0:00:01","Seattle","iOS","Facebook"
"121814","July 28, 10:58pm CDT","49","0:00:56","San Diego","Android","Facebook"
"121813","July 28, 10:32pm CDT","66","0:01:42","Orleans","Android","Facebook"
"121812","July 28, 10:25pm CDT","13","0:00:03","Gilbert","iOS","Facebook"
"121811","July 28, 10:23pm CDT","75","0:00:51","Fairfax","iOS","Facebook"
"121809","July 28, 10:18pm CDT","64","0:00:48","Bedford","Android","Facebook"
"121808","July 28, 10:12pm CDT","89","0:00:45","Los Angeles","iOS","Facebook"
"121806","July 28, 10:05pm CDT","71","0:00:44","Lima","Android","Facebook"
"121805","July 28, 9:52pm CDT","5","0:00:09","Middletown","Android","Facebook"
"121800","July 28, 9:06pm CDT","17","0:00:01","Louisville","iOS","Facebook"
"121799","July 28, 8:51pm CDT","60","0:00:48","Point Pleasant","Android","Facebook"
"121798","July 28, 8:38pm CDT","72","0:00:47","Springfield","iOS","Facebook"
"121797","July 28, 8:27pm CDT","63","0:00:49","Farmington","iOS","Facebook"
"121796","July 28, 8:18pm CDT","17","0:00:01","La Mesa","iOS","Facebook"
"121794","July 28, 8:03pm CDT","103","0:00:51","Lima","iOS","Facebook"
"121793","July 28, 8:03pm CDT","13","0:00:02","Biloxi","iOS","Facebook"
"121792","July 28, 7:59pm CDT","61","0:00:53","Marion","Android","Facebook"
"121791","July 28, 7:58pm CDT","17","0:00:05","Boston","iOS","Facebook"
"121790","July 28, 7:38pm CDT","47","0:00:54","Cincinnati","Android","Facebook"
"121789","July 28, 7:21pm CDT","72","0:00:54","Dayton","iOS","Facebook"
"121788","July 28, 7:05pm CDT","46","0:00:54","Munfordville","iOS","Facebook"
"121787","July 28, 7:02pm CDT","61","0:01:00","Cincinnati","Android","Facebook"
"121786","July 28, 7:00pm CDT","9","0:00:01","Cincinnati","Android","Facebook"
"121785","July 28, 7:00pm CDT","17","0:00:04","199.188.236.227","iOS","Facebook"
"121784","July 28, 7:00pm CDT","9","0:00:06","Batavia","iOS","Facebook"
"121782","July 28, 6:54pm CDT","69","0:00:58","Lawrenceburg","Android","Facebook"
"121779","July 28, 6:33pm CDT","17","0:00:08","Hamilton","Android","Facebook"
"121778","July 28, 6:30pm CDT","65","0:00:42","Philadelphia","iOS","Facebook"
"121777","July 28, 6:27pm CDT","61","0:00:52","Chicago","iOS","Facebook"
"121776","July 28, 6:24pm CDT","61","0:00:54","Paulding","Android","Facebook"
"121775","July 28, 6:19pm CDT","53","0:00:44","Benton","Android","Facebook"