name,team,category
2 Cardinals Tickets,Arizona Cardinals,Tickets
Cardinals Hat,Arizona Cardinals,Merchandise
Cardinals Autographed Football,Arizona Cardinals,Autographed Items
Cardinals Autographed Jersey,Arizona Cardinals,Autographed Items
Cardinals Autographed Helmet,Arizona Cardinals,Autographed Items
2 Cardinals Pre-Game Field Passes,Arizona Cardinals,Experience
2 Falcons Tickets,Atlanta Falcons,Tickets
Falcons Hat,Atlanta Falcons,Merchandise
Falcons Autographed Football,Atlanta Falcons,Autographed Items
Falcons Autographed Jersey,Atlanta Falcons,Autographed Items
Falcons Autographed Helmet,Atlanta Falcons,Autographed Items
2 Falcons Pre-Game Field Passes,Atlanta Falcons,Experience
2 Ravens Pre-Game Field Passes,Baltimore Ravens,Experience
2 Ravens Tickets,Baltimore Ravens,Tickets
Ravens Hat,Baltimore Ravens,Merchandise
Ravens Autographed Football,Baltimore Ravens,Autographed Items
Ravens Autographed Jersey,Baltimore Ravens,Autographed Items
Ravens Autographed Helmet,Baltimore Ravens,Autographed Items
2 Bills Pre-Game Field Passes,Buffalo Bills,Experience
2 Bills Tickets,Buffalo Bills,Tickets
Bills Hat,Buffalo Bills,Autographed Items
Bills Autographed Football,Buffalo Bills,Autographed Items
Bills Autographed Jersey,Buffalo Bills,Autographed Items
Bills Autographed Helmet,Buffalo Bills,Autographed Items
2 Panthers Pre-Game Field Passes,Carolina Panthers,Experience
2 Panthers Tickets,Carolina Panthers,Tickets
Panthers Hat,Carolina Panthers,Merchandise
Panthers Autographed Jersey,Carolina Panthers,Autographed Items
Panthers Autographed Football,Carolina Panthers,Autographed Items
Panthers Autographed Helmet,Carolina Panthers,Autographed Items
2 Bengals Pre-Game Field Passes,Cincinnati Bengals,Experience
2 Bengals Tickets,Cincinnati Bengals,Tickets
Bengals Hat,Cincinnati Bengals,Merchandise
Bengals Autographed Jersey,Cincinnati Bengals,Autographed Items
Bengals Autographed Football,Cincinnati Bengals,Autographed Items
Bengals Autographed Helmet,Cincinnati Bengals,Autographed Items
2 Browns Pre-Game Field Passes,Cleveland Browns,Experience
2 Browns Tickets,Cleveland Browns,Tickets
Browns Hat,Cleveland Browns,Merchandise
Browns Autographed Jersey,Cleveland Browns,Autographed Items
Browns Autographed Helmet,Cleveland Browns,Autographed Items
2 Broncos Pre-Game Field Passes,Denver Broncos,Experience
2 Broncos Tickets,Denver Broncos,Tickets
Broncos Hat,Denver Broncos,Merchandise
Broncos Autographed Jersey,Denver Broncos,Autographed Items
Broncos Autographed Football,Denver Broncos,Autographed Items
Broncos Autographed Helmet,Denver Broncos,Autographed Items
2 Lions Pre-Game Field Passes,Detroit Lions,Experience
2 Lions Tickets,Detroit Lions,Tickets
Lions Hat,Detroit Lions,Merchandise
Lions Autographed Jersey,Detroit Lions,Autographed Items
Lions Autographed Football,Detroit Lions,Autographed Items
Lions Autographed Helmet,Detroit Lions,Autographed Items
2 Texans Pre-Game Field Passes,Houston Texans,Experience
2 Texans Tickets,Houston Texans,Tickets
Texans Hat,Houston Texans,Merchandise
Texans Autographed Jersey,Houston Texans,Autographed Items
Texans Autographed Football,Houston Texans,Autographed Items
Texans Autographed Helmet,Houston Texans,Autographed Items
2 Colts Pre-Game Field Passes,Indianapolis Colts,Experience
2 Colts Tickets,Indianapolis Colts,Tickets
Colts Hat,Indianapolis Colts,Merchandise
Colts Autographed Jersey,Indianapolis Colts,Autographed Items
Colts Autographed Football,Indianapolis Colts,Autographed Items
Colts Autographed Helmet,Indianapolis Colts,Autographed Items
2 Jaguars Pre-Game Field Passes,Jacksonville Jaguars,Experience
2 Jaguars Tickets,Jacksonville Jaguars,Tickets
Jaguars Hat,Jacksonville Jaguars,Merchandise
Jaguars Autographed Jersey,Jacksonville Jaguars,Autographed Items
Jaguars Autographed Football,Jacksonville Jaguars,Autographed Items
Jaguars Autographed Helmet,Jacksonville Jaguars,Autographed Items
2 Chiefs Pre-Game Field Passes,Kansas City Chiefs,Experience
2 Chiefs Tickets,Kansas City Chiefs,Tickets
Chiefs Hat,Kansas City Chiefs,Merchandise
Chiefs Autographed Jersey,Kansas City Chiefs,Autographed Items
Chiefs Autographed Football,Kansas City Chiefs,Autographed Items
Chiefs Autographed Helmet,Kansas City Chiefs,Autographed Items
2 Chargers Pre-Game Field Passes,Los Angeles Chargers,Experience
2 Chargers Tickets,Los Angeles Chargers,Tickets
Chargers Hat,Los Angeles Chargers,Merchandise
Chargers Autographed Jersey,Los Angeles Chargers,Autographed Items
Chargers Autographed Football,Los Angeles Chargers,Autographed Items
Chargers Autographed Helmet,Los Angeles Chargers,Autographed Items
2 Rams Pre-Game Field Passes,Los Angeles Rams,Experience
2 Rams Tickets,Los Angeles Rams,Tickets
Rams Hat,Los Angeles Rams,Merchandise
Rams Autographed Jersey,Los Angeles Rams,Autographed Items
Rams Autographed Football,Los Angeles Rams,Autographed Items
Rams Autographed Helmet,Los Angeles Rams,Autographed Items
2 Dolphins Pre-Game Field Passes,Miami Dolphins,Experience
2 Dolphins Tickets,Miami Dolphins,Tickets
Dolphins Hat,Miami Dolphins,Merchandise
Dolphins Autographed Jersey,Miami Dolphins,Autographed Items
Dolphins Autographed Football,Miami Dolphins,Autographed Items
Dolphins Autographed Helmet,Miami Dolphins,Autographed Items
2 Patriots Pre-Game Field Passes,New England Patriots,Experience
2 Patriots Tickets,New England Patriots,Tickets
Patriots Hat,New England Patriots,Merchandise
Patriots Autographed Jersey,New England Patriots,Autographed Items
Patriots Autographed Football,New England Patriots,Autographed Items
Patriots Autographed Helmet,New England Patriots,Autographed Items
2 Saints Pre-Game Field Passes,New Orleans Saints,Experience
2 Saints Tickets w/Bud Light Party Zone Passes,New Orleans Saints,Tickets
Saints Hat,New Orleans Saints,Merchandise
Saints Autographed Jersey,New Orleans Saints,Autographed Items
Saints Autographed Football,New Orleans Saints,Autographed Items
Saints Autographed Helmet,New Orleans Saints,Autographed Items
2 Giants Pre-Game Field Passes,New York Giants,Experience
2 Giants Tickets,New York Giants,Tickets
Giants Hat,New York Giants,Merchandise
Giants Autographed Jersey,New York Giants,Autographed Items
Giants Autographed Football,New York Giants,Autographed Items
Giants Autographed Helmet,New York Giants,Autographed Items
2 Jets Pre-Game Field Passes,New York Jets,Experience
2 Jets Tickets,New York Jets,Tickets
Jets Hat,New York Jets,Merchandise
Jets Autographed Jersey,New York Jets,Autographed Items
Jets Autographed Football,New York Jets,Autographed Items
Jets Autographed Helmet,New York Jets,Autographed Items
2 Raiders Pre-Game Field Passes,Oakland Raiders,Experience
2 Raiders Tickets,Oakland Raiders,Tickets
Raiders Hat,Oakland Raiders,Merchandise
Raiders Autographed Jersey,Oakland Raiders,Autographed Items
Raiders Autographed Football,Oakland Raiders,Autographed Items
Raiders Autographed Helmet,Oakland Raiders,Autographed Items
$100 Raider Image Gift Card,Oakland Raiders,Merchandise
2 Eagles Pre-Game Field Passes,Philadelphia Eagles,Experience
2 Eagles Tickets,Philadelphia Eagles,Tickets
Eagles Hat,Philadelphia Eagles,Merchandise
Eagles Autographed Jersey,Philadelphia Eagles,Autographed Items
Eagles Autographed Football,Philadelphia Eagles,Autographed Items
Eagles Autographed Helmet,Philadelphia Eagles,Autographed Items
2 Steelers Pre-Game Field Passes,Pittsburgh Steelers,Experience
2 Steelers Tickets,Pittsburgh Steelers,Tickets
Steelers Hat,Pittsburgh Steelers,Merchandise
Steelers Autographed Jersey,Pittsburgh Steelers,Autographed Items
Steelers Autographed Football,Pittsburgh Steelers,Autographed Items
Steelers Autographed Helmet,Pittsburgh Steelers,Autographed Items
2 49ers Pre-Game Field Passes,San Francisco 49ers,Experience
2 49ers Tickets,San Francisco 49ers,Tickets
49ers Hat,San Francisco 49ers,Merchandise
49ers Autographed Jersey,San Francisco 49ers,Autographed Items
49ers Autographed Football,San Francisco 49ers,Autographed Items
49ers Autographed Helmet,San Francisco 49ers,Autographed Items
2 Seahawks Pre-Game Field Passes,Seattle Seahawks,Experience
2 Seahawks Tickets,Seattle Seahawks,Tickets
Seahawks Hat,Seattle Seahawks,Merchandise
Seahawks Autographed Jersey,Seattle Seahawks,Autographed Items
Seahawks Autographed Football,Seattle Seahawks,Autographed Items
Seahawks Autographed Helmet,Seattle Seahawks,Autographed Items
2 Buccaneers Pre-Game Field Passes,Tampa Bay Buccaneers,Experience
2 Buccaneers Tickets,Tampa Bay Buccaneers,Tickets
Buccaneers Hat,Tampa Bay Buccaneers,Merchandise
Buccaneers Autographed Jersey,Tampa Bay Buccaneers,Autographed Items
Buccaneers Autographed Football,Tampa Bay Buccaneers,Autographed Items
Buccaneers Autographed Helmet,Tampa Bay Buccaneers,Autographed Items
2 Titans Pre-Game Field Passes,Tennessee Titans,Experience
2 Titans Tickets,Tennessee Titans,Tickets
Titans Hat,Tennessee Titans,Merchandise
Titans Autographed Jersey,Tennessee Titans,Autographed Items
Titans Autographed Football,Tennessee Titans,Autographed Items
Titans Autographed Helmet,Tennessee Titans,Autographed Items
2 Redskins Pre-Game Field Passes,Washington Redskins,Experience
2 Redskins Tickets,Washington Redskins,Tickets
Redskins Hat,Washington Redskins,Merchandise
Redskins Autographed Jersey,Washington Redskins,Autographed Items
Redskins Autographed Football,Washington Redskins,Autographed Items
Redskins Autographed Helmet,Washington Redskins,Autographed Items